{"avg_rmse": 3411.7651156455786, "avg_mape": 0.09272685554862586, "coverage": 0.5099308300395258}