{"avg_rmse": 1667.802441536534, "avg_mape": 0.05770071680648828, "coverage": 0.7411561264822134}